number,title
1,Moving to the Terrace House
2,The Beginning of Something New Or...
3,Nobody Knows the Way She Feels
4,Thank You for Being Here
5,It's Never Too Late to Start
6,Puppy Love
7,The One She Truly Longs For...?
8,Disharmony in the Terrace House
9,Playtime Is Over
10,The Decisions
11,Getting Back Up Again
12,Moving Out of the Terrace House
13,Special Edition
14,The Girl Has Come
15,A Snowy Goodbye
16,Hungry for Love
17,The Truth Behind the Tears
18,Declaration of Love
19,No Sweet Valentine
20,Crushes Have No Limits
21,Two Love Triangles
22,More Than Just Friends
23,His Final Choice
24,Showdown
25,Kiss Kiss Kiss...
26,Brand New Terrace House
27,Babyfaced Foxy Girl
28,He's Back Again
29,Sudden Goodbye
30,"Losing Love, Finding Love"
31,One-Sided Love
32,Lost Passion
33,Forbidden Love
34,Sugar & Spice
35,I've Been Waiting
36,The Night of Confession
37,Just the Way You Are
38,The Decision of a 19-Year-Old
39,Ready for Summer
40,He Is Mr. Perfect
41,A Girl Like Everyone Else
42,Shaking Emotions
43,Twisted Fate
44,Bye-Bye Champion
45,Coming Out!!!
46,Go for Broke
47,He Is Not Mr. Perfect
48,Going Up in Flames
49,Stay by My Side
50,We Are Moving Out!!
51,"New House, New Girl, New Love"
52,There Must Be a Catch
53,Jealousy
54,Singing a Different Melody
55,Love Is Like Fireworks
56,A Love Song All So Suddenly...
57,Is It a Dry Flower
58,First Confession of Love
59,Fourth Time Being Honest
60,The Last Lie Is a White Lie
61,I Will Be in Friends All the Time
62,Vogue Word Award
63,Time-Limited Cinderella Girl
64,It's Time to Sing Goodbye
65,Coming Back
66,It's My Life
67,Change of Vibes
68,A Lot of One-Sided Love
69,Who Is His Heart's Desire?
70,White & Black Valentine
71,At a Critical Moment in One's Life
72,"Try Two at Once, Get None"
73,I Don't Wanna Leave
74,Overflowing Difference
